name|link|cc
Vesti|http://vesti.mk/|MK
Vistina|http://vistina.mk/|MK
Zhurnal|http://www.zhurnal.mk/|MK
Kapital|http://www.kapital.com.mk/|MK
Makedonsko Sonce|http://www.makedonskosonce.com/|MK
Shenja|http://www.shenja.mk/|MK
Dnevnik|http://www.dnevnik.mk/|MK
Nova Makedonija|http://www.novamakedonija.com.mk/|MK
Utrinski Vesnik|http://www.utrinski.mk/|MK
Vecer|http://vecer.mk/|MK
Iliria News Agency|http://www.ina-online.net/|MK
Macedonia Information Centre|http://www.micnews.com.mk/|MK
Makfax|http://makfax.com.mk/|MK
MIA|http://www.mia.mk/en|MK
MIA|http://www.mia.mk/mk|MK
MIA|http://www.mia.mk/sq|MK
Kanal Vis|http://vis.mk/|MK
TV Koha|http://www.tvkoha.tv/|MK
Tera Televizija|http://tera.mk/|MK
TV Orbis|http://tvorbis.com.mk/|MK
Koha|http://www.koha.mk/|MK
Lajm|http://www.lajmpress.com/|MK
Oglasik 24|http://www.oglasnik24.mk/|MK
Vest|http://www.vest.mk/|MK
Yeni Balkan|http://www.yenibalkan.com/|MK
Zhurnal Plus|http://www.zhurnalplus.com/|MK
Radio e Televisao de Timor Leste|http://www.rttlep.tl/id|TL
Radio e Televisao de Timor Leste|http://www.rttlep.tl/pt-pt|TL
Radio e Televisao de Timor Leste|http://www.rttlep.tl/tt|TL
Sapo|http://www.sapo.tl/pt|TL
Sapo|http://www.sapo.tl/tet|TL
Suara Timor Lorosae|http://www.suaratimorlorosae.com/|TL
Dili Weekly|http://www.thediliweekly.com/|TL
Guide Post|http://www.guideposttimor.com/|TL
Jornal Nacional Diario|http://www.jndiario.com/|TL
Radio Liberdade Dili|http://www.radioliberdadedili.com/|TL
Tempo Semanal|http://www.temposemanal.com/|TL
Timor Post|http://www.diariutimorpost.tl/|TL
Voice of Korea|http://www.vok.rep.kp/CBC/index.php|KP
NK News|http://www.nknews.org/|KP
New Focus International|http://newfocusintl.com/|KP
Choson Sinbo|http://chosonsinbo.com/|KP
Rodong Sinmun|http://www.rodong.rep.kp/ko/|KP
Korean Central News Agency|http://www.kcna.kp/?lang=eng|KP
Korean Central News Agency|http://www.kcna.co.jp/index-e.htm|KP
Korean Central News Agency|http://www.kcna.kp/?lang=jpn|KP
Korean Central News Agency|http://www.kcna.kp/?lang=kor|KP
Korean Central News Agency|http://www.kcna.co.jp/index-k.htm|KP
Korean Central News Agency|http://www.kcna.kp/?lang=spn|KP
Korean Central News Agency|http://www.kcna.kp/?lang=chn|KP
Choson Sinbo|http://chosonsinbo.com/jp/|KP
Rodong Sinmun|http://www.rodong.rep.kp/en/|KP
Rodong Sinmun|http://www.rodong.rep.kp/cn/|KP
ITN|http://www.itn.lk/|LK
News First|http://newsfirst.lk/english/|LK
News First|http://newsfirst.lk/sinhala/|LK
News First|http://newsfirst.lk/tamil/|LK
Sirasa|http://sirasa.com/|LK
SLBC|http://www.slbc.lk/|LK
Sri Lanka Rupavahini|http://www.rupavahini.lk/|LK
123 Sri Lanka|http://www.123srilanka.com/|LK
Adaderana|http://www.adaderana.lk/|LK
Adaderana|http://sinhala.adaderana.lk/|LK
Adaderana|http://tamil.adaderana.lk/|LK
Digatha News|http://digathanews.com/|LK
E Lanka News|http://www.elankanews.com/|LK
Lanka Truth|http://www.lankatruth.com/|LK
Lanka World|http://www.lankaworld.com/|LK
News|http://www.news.lk/|LK
News|http://sinhala.news.lk/|LK
News|http://tamil.news.lk/|LK
On Lanka|http://news.onlanka.com/|LK
Sri Express|http://www.sriexpress.com/|LK
Sri Lanka News First|http://www.srilankanewsfirst.com/|LK
Asian Tribune|http://www.asiantribune.com/|LK
Colombo Page|http://www.colombopage.com/|LK
Info Lanka|http://infolanka.asia/|LK
Lanka Academic|http://www.theacademic.org/|LK
Lanka Daily News|http://lankadailynews.com/|LK
Lanka Newspapers|http://www.lankanewspapers.com/news/index.jsp|LK
Lanka Page|http://www.lankapage.com/|LK
Lanka Times|http://www.lankatimes.com/|LK
Lanka Web|http://www.lankaweb.com/|LK
Muslim Guardian|http://www.muslimguardian.com/|LK
Our Lanka|http://www.ourlanka.com/|LK
Sri Lanka News Live|http://www.srilankanewslive.com/|LK
Sri Lanka Watch|http://www.srilankawatch.com/|LK
Sri Lankan News|http://www.srilankannews.net/|LK
Tamil Net|http://www.tamilnet.com/|LK
Top Lanka News|http://www.toplankanews.com/|LK
Daily Mirror|http://www.dailymirror.lk/|LK
Daily News|http://www.dailynews.lk/|LK
Divaina|http://www.divaina.com/|LK
Island|http://www.island.lk/|LK
Lakbima|http://www.lakbima.lk/|LK
Lankadeepa|http://www.lankadeepa.lk/|LK
Sunday Leader|http://www.thesundayleader.lk/|LK
Sunday Observer|http://www.sundayobserver.lk/|LK
Sunday Times|http://www.sundaytimes.lk/|LK
Thinakkural|http://www.thinakkural.com/|LK
Uthayan|http://onlineuthayan.com/|LK
Virakesari|http://www.virakesari.lk/|LK
Tamil Guardian|http://www.tamilguardian.com/|LK
Daily FT|http://www.ft.lk/|LK
Nation on Sunday|http://www.nation.lk/|LK
Rivira|http://www.rivira.lk/|LK
Latvijas Radio|http://www.latvijasradio.lsm.lv/lv/lr/|LV
Latvijas Sabiedriskie Mediji|http://www.lsm.lv/en/|LV
Latvijas Sabiedriskie Mediji|http://www.lsm.lv/lv/|LV
Latvijas Sabiedriskie Mediji|http://www.lsm.lv/ru/|LV
LNT|http://lnt.skaties.lv/|LV
LTV|http://ltv.lsm.lv/lv/|LV
Apollo|http://apollo.tvnet.lv/|LV
Delfi|http://www.delfi.lv/|LV
Delfi|http://rus.delfi.lv/|LV
Finance Net|http://financenet.tvnet.lv/|LV
Focus|http://www.focus.lv/|LV
Focus|http://ru.focus.lv/|LV
Google|https://news.google.com/news/?ned=lv_lv|LV
Kasjauns|http://www.kasjauns.lv/lv/|LV
Kasjauns|http://www.kasjauns.lv/ru/|LV
News|http://news.lv/|LV
Politika|http://politika.lv/|LV
Sportsnews|http://sportsnews.lv/ru/|LV
TV Net|http://www.tvnet.lv/|LV
TV Net|http://rus.tvnet.lv/|LV
Ves|http://www.ves.lv/|LV
Vesti|http://vesti.lv/|LV
Ir|http://www.ir.lv/|LV
Kapitals|http://www.kapitals.lv/|LV
Baltic Times|http://www.baltictimes.com/|LV
Biznez i Baltiya|http://bb.vesti.lv/|LV
Diena|http://www.diena.lv/|LV
Dienas Bizness|http://www.db.lv/|LV
Latvijas Vestnesis|https://www.lv.lv/|LV
Nasz Czas|http://nasz-czas.tripod.com/|LV
Neatkariga Rita Avize|http://nra.lv|LV
Vesti Segodnia|http://vesti.lv/categories/vesti-segodnya|LV
BNS|http://www.bns.lv/|LV
LETA|http://www.leta.lv/eng/|LV
LETA|http://www.leta.lv/|LV
LETA|http://www.leta.lv/rus/|LV
Staburags|http://staburags.diena.lv/|LV
Malienas Zinas|http://www.malienaszinas.lv/|LV
Vaduguns|http://www.vaduguns.lv/|LV
Bauskas Dzive|http://bauskasdzive.diena.lv/|LV
Druva|http://www.edruva.lv/|LV
D Fakti|http://www.d-fakti.lv/|LV
D Fakti|http://www.d-fakti.lv/ru/|LV
Latgales Laiks|http://www.latgaleslaiks.lv/lv/|LV
Latgales Laiks|http://www.latgaleslaiks.lv/ru/|LV
Nasha Gazeta|http://www.nasha.lv/|LV
Dzirkstele|http://dzirkstele.diena.lv/|LV
Briva Daugava|http://www.bdaugava.lv/|LV
Novaya Gazeta|http://www.novaja.lv/|LV
Zemgales Zinas|http://zz.diena.lv/|LV
Ezerzeme|http://www.ezerzeme.lv/|LV
Kurzemnieks|http://www.kurzemnieks.lv/|LV
Kursas Laiks|http://rekurzeme.diena.lv/|LV
Kurzemes Vards|http://www.kurzemes-vards.lv/|LV
Auseklis|http://www.auseklis.lv/|LV
Ludzas Zeme|http://www.ludzaszeme.lv/|LV
Novadnieks|http://www.novadnieks.lv/|LV
Panorama Rezekne|http://www.panorama-rezekne.lv/|LV
Rezeknenskie Vesti|http://rus.rv.lv/|LV
Rezeknes Vestis|http://lat.rv.lv/|LV
Baltische Rundschau|http://baltische-rundschau.eu/|LV
Gateway Riga|http://www.riga-airport.com/?id=326|LV
Latvijas Avize|http://www.la.lv/|LV
Rigas Aprinka Avize|http://www.aprinkis.lv/|LV
Subbota|http://www.subbota.com/|LV
Vakara Zinas|http://nra.lv/vakara-zinas/|LV
Saldus Zeme|http://www.sz.lv/|LV
Ziemellatvija|http://ziemellatvija.diena.lv/|LV
Talsu Vestis|http://www.talsuvestis.lv/|LV
Neatkarigas Tukuma Zinas|http://www.ntz.lv/|LV
Ogres Vestis|http://www.ogresvestis.lv/|LV
Liesma|http://www.eliesma.lv/|LV
Ventas Balss|http://www.ventasbalss.lv/|LV
Ventspils|http://www.ventspils.lv/|LV
Ventspils|http://www.ventspils.lv/rus/|LV
Eye Radio|http://eyeradio.org/|SS
Radio Bakhita|http://www.bakhitaradio.org/|SS
Radio Tamazuj|https://radiotamazuj.org/ar|SS
Radio Tamazuj|https://radiotamazuj.org/en|SS
Gurtong|http://www.gurtong.net/|SS
New Sudan Vision|http://www.newsudanvision.com/|SS
Sosa News|http://sosanews.com/|SS
South Sudan|http://www.southsudan.net/|SS
South Sudan Info|http://southsudaninfo.net/|SS
South Sudan Nation|http://www.southsudannation.com/|SS
South Sudan News Agency|http://www.southsudannewsagency.com/|SS
South Sudan Today|http://www.southsudantoday.net/|SS
South Sudan Tribune|http://southsudantribune.org/|SS
Sudan Tribune|http://www.sudantribune.net/|SS
Sudan Tribune|http://www.sudantribune.com/|SS
Upper Nile Times|http://upperniletimes.net/|SS
New Nation|http://www.newnationsouthsudan.com/|SS
Al Maugif|http://almaugif.com/|SS
South Sudan Today|http://southsudantoday.net/|SS
HGP TV|http://hgptv.com/|GY
NCN Guyana|http://www.ncnguyana.com/|GY
Carib News Desk|http://www.caribnewsdesk.com/|GY
Guyana|http://www.guyana.org/|GY
Guyana Caribbean Politics|http://www.guyanacaribbeanpolitics.com/|GY
Guyana Graphic|http://www.guyanagraphic.com/|GY
Guyana Inquirer|http://guyanainquirer.com/|GY
Guyana Observer News|http://www.guyanaobservernews.org/|GY
Guyana Outpost|http://www.guyanaoutpost.com/|GY
Guyana Press|http://guyanapress.com/|GY
I News Guyana|http://www.inewsguyana.com/|GY
News Source|http://newssourcegy.com/|GY
Watchpost|http://www.guyanacaribbeanpolitics.com/watchpost/watchpost.html|GY
Guyana Journal|http://www.guyanajournal.com/|GY
Guyana Chronicle|http://guyanachronicle.com/|GY
Kaieteur News|http://www.kaieteurnewsonline.com/|GY
Stabroek News|http://www.stabroeknews.com/|GY
Guyana Times|http://www.guyanatimesgy.com/|GY
Guyana Times International|http://www.guyanatimesinternational.com/|GY
Weekend Mirror|http://www.mirrornewsgy.com/|GY
WRHM|http://capitolnewsgy.com/|GY
Syria Radio TV|http://www.rtv.gov.sy/|SY
Al Sham Info|http://alshaminfo.com/index.php?lang=ar|SY
Al Sham Info|http://alshaminfo.com/index.php?lang=en|SY
Syria News|http://www.syria-news.com/|SY
Syria Times|http://syriatimes.sy/|SY
Forward Magazine|http://www.fw-magazine.com/|SY
Syria Today|http://www.syria-today.com/|SY
Al Thawra|http://thawra.sy/|SY
Al Watan|http://www.alwatan.sy/|SY
Tishreen|http://tishreen.news.sy/|SY
SANA|http://www.sana.sy/|SY
SANA|http://www.sana.sy/en/|SY
SANA|http://www.sana.sy/fr/|SY
Al Jamahir|http://jamahir.alwehda.gov.sy/|SY
Al Baath|http://ncro.sy/baathonline/|SY
Al Maukef Al Riadi|http://riadi.alwehda.gov.sy/|SY
An Nour|http://www.an-nour.com/|SY
Baladna|http://www.baladnaonline.net/|SY
Al Furat|http://furat.alwehda.gov.sy/|SY
Al Fedaa|http://fedaa.alwehda.gov.sy/|SY
Al Ouruba|http://ouruba.alwehda.gov.sy/|SY
Al Wehda|http://wehda.alwehda.gov.sy/|SY
La 1ere|http://la1ere.francetvinfo.fr/guadeloupe/|GP
Radio Caraibes International|http://www.rci.fm/?ile=guadeloupe|GP
Actu Guadeloupe|http://actu.guadeloupe.fr/|GP
Coco News|https://guadeloupe.coconews.com/|GP
Flash Info Guadeloupe|http://flashinfoguadeloupe.fr/|GP
Guadeloupe Actualites|http://guadeloupe-actu.com/|GP
France Antilles|http://www.guadeloupe.franceantilles.fr/|GP
Nouvelles Semaine|http://www.nouvellessemaine.fr/|GP
721 News|https://721news.com/|SX
Soualiga Newsday|http://www.soualiganewsday.com/|SX
St. Maarten Island Time|http://sxmislandtime.com/|SX
St. Maarten Latest News|http://www.sxmnews1.com/|SX
St. Martin News Network|http://www.smn-news.com/|SX
St. Martin News Network|http://www.smn-news.com/french-news.html|SX
SXM Talks|https://www.sxm-talks.com/|SX
Daily Herald|https://www.thedailyherald.sx/|SX
Pearl FM|http://pearlfmradio.sx/|SX
PJD2|http://pjd2radio.com/|SX
Today|http://today.sx/|SX
Canal 6|https://www.canal6.com.hn/|HN
Canal 11|http://www.canal11.hn/|HN
HRN|http://www.radiohrn.hn/|HN
Radio America|http://radioamericahn.net/|HN
Televicentro|http://www.televicentro.hn/|HN
VTV|http://www.vtv.com.hn/|HN
El Articulista|http://www.diarioelarticulista.com/|HN
El Diario|http://www.eldiario.hn/|HN
El Sol de Honduras|http://www.elsoldehonduras.com/|HN
Hondudiario|http://hondudiario.com/|HN
Honduras News|http://www.hondurasnews.com/|HN
La Noticia|http://lanoticia.hn/|HN
Noti Bomba|https://notibomba.com/|HN
Proceso Digital|http://www.proceso.hn/|HN
Ultima Hora|http://ultimahora.hn/|HN
Hablemos Claro|http://www.hablemosclaro.com/|HN
El Heraldo|http://www.elheraldo.hn/|HN
La Prensa|http://www.laprensa.hn/|HN
La Tribuna|http://www.latribuna.hn/|HN
Tiempo|http://tiempo.hn/|HN
45 TV|http://www.45tvhn.com/|HN
Teleceiba|http://teleceiba.com/|HN
Diez|http://www.diez.hn/|HN
El Libertador|http://www.ellibertador.hn/|HN
El Patriota|http://www.elpatriota.hn/|HN
La Gaceta|http://www.lagaceta.hn/|HN
Mas|http://www.diariomas.hn/|HN
MRTV|http://www.mrtv.gov.mm/|MM
MRTV4|http://www.mrtv4.com.mm/|MM
Myanmar International TV|http://www.myanmarinternationaltv.com/|MM
BBC|http://www.bbc.co.uk/burmese|MM
DVB|http://english.dvb.no/|MM
DVB|http://burmese.dvb.no/|MM
Radio Free Asia|http://www.rfa.org/english/news/myanmar|MM
Radio Free Asia|http://www.rfa.org/burmese/|MM
VOA|http://burmese.voanews.com/|MM
Burma News International|http://www.bnionline.net/|MM
Burma News International|http://burmese.bnionline.net/|MM
Myanmar|http://www.myanmar.com/|MM
Myanmar Business Network|http://www.myanmar-business.org/|MM
Planet|http://www.planet.com.mm/news/|MM
Burma Net News|http://www.burmanet.org/|MM
Burma Today|http://www.burmatoday.net/|MM
Mizzima|http://www.mizzima.com/|MM
Mizzima|http://www.mizzimaburmese.com/|MM
Myanmar News|http://www.myanmarnews.net/|MM
Myanmar News Hub|http://www.myanmarnewshub.com/|MM
Irrawaddy|http://www.irrawaddy.org/|MM
Irrawaddy|http://burma.irrawaddy.org/|MM
Kyaymon|http://www.myanmar.com/newspapers/kyaymon-the-mirror.html|MM
Myanmar Alin|http://www.myanmar.com/newspapers/myanmar-ahlin.html|MM
Myitmakha|http://www.myitmakhamedia.info/|MM
Myitmakha|http://myitmakhamediagroup.com/|MM
Narinjara|http://narinjara.com/|MM
Narinjara|http://www.narinjara.com/burmese/|MM
7 Day Daily|http://7daydaily.com/|MM
Daily Eleven|http://www.elevenmyanmar.com/|MM
Daily Eleven|http://news-eleven.com/|MM
Global New Light of Myanmar|http://www.myanmar.com/newspapers/the-new-light-of-myanmar.html|MM
Myanmar Business Today|http://www.mmbiztoday.com/|MM
Myanmar Times|http://www.mmtimes.com/|MM
Myanmar Times|http://myanmar.mmtimes.com/|MM
Voice|http://www.thevoicemyanmar.com/|MM
Zay Gwet|http://www.zaygwet.com/|MM
Diario Rombe|http://www.diariorombe.es/|GQ
Guinea Ecuatorial|http://www.guineaecuatorialpress.com/?lang=en|GQ
Guinea Ecuatorial|http://www.guineaecuatorialpress.com/?lang=fr|GQ
Guinea Ecuatorial|http://www.guineaecuatorialpress.com/?lang=es|GQ
Guinea Ecuatorial|http://www.guinea-ecuatorial.net/|GQ
La Gaceta de Guinea Ecuatorial|http://www.gacetadeguinea.com/|GQ
Los Anuncios|http://www.losanuncios.net/|GQ
La Gaceta de Guinea Ecuatorial|http://www.lagacetadeguinea.com/|GQ
Al Hadath|http://alhadath-tv.com/|EG
Al Jazeera Mubasher Misr|http://mubasher-misr.aljazeera.net/|EG
CBC|http://www.cbc-eg.com/|EG
Egyptian Radio and Television Union|http://www.egynews.net/|EG
Nile Television Network|http://www.niletc.tv/|EG
Nile TV International|http://www.nileinternational.net/|EG
ON TV|http://ontveg.com/|EG
Daily Egypt|http://dailyegypt.net/|EG
Egypt Commercial News|http://egyptcmnews.com/index.php?lang=ar|EG
Egypt Commercial News|http://egyptcmnews.com/index.php?lang=en|EG
Egypt Independent|http://www.egyptindependent.com/|EG
Google|https://news.google.com/news/?ned=ar_eg|EG
Mada Masr|http://www.madamasr.com/|EG
Masr Al Arabia|http://www.masralarabia.com/|EG
SIS|http://www.sis.gov.eg/Ar/|EG
SIS|http://www.sis.gov.eg/En/|EG
SIS|http://www.sis.gov.eg/Fr/|EG
Egypt Elections|http://www.egypt-elections.com/|EG
Al Watan Al Arabi|http://www.alwatanalarabi.com/|EG
Egypt Today|http://egypttoday.com/|EG
Al Ahram|http://www.ahram.org.eg/|EG
Al Akhbar|http://akhbarelyom.com/|EG
Al Gomhuria|http://www.algomhuria.net.eg/|EG
Al Messa|http://www.almessa.net.eg/|EG
Al Wafd|http://www.alwafd.org/|EG
Middle East News Agency|http://www.mena.org.eg/|EG
24 Hours|http://www.24hnewspaper.net/|EG
Al Ahram Hebdo|http://hebdo.ahram.org.eg/|EG
Al Ahram Weekly|http://weekly.ahram.org.eg/|EG
Al Dostor|http://www.dostor.org/|EG
Al Masry Al Youm|http://www.almasryalyoum.com/|EG
Al Shorouk|http://www.shorouknews.com/|EG
Al Tahrir|http://tahrirnews.com/|EG
Business Today Egypt|http://www.businesstodayegypt.com/|EG
Cairo Live|http://www.cairolive.com/|EG
Cairo  Times|http://www.cairotimes.com/|EG
Daily News Egypt|http://www.dailynewsegypt.com/|EG
Egyptian Gazette|http://www.algomhuria.net.eg/gazette/|EG
Egyptian Mail|http://www.algomhuria.net.eg/egyptian_mail/m1/|EG
El Fagr|http://new.elfagr.org/|EG
Le Petit Journal|http://www.lepetitjournal.com/le-caire|EG
Le Proges Dimanche|http://www.progres.net.eg/|EG
Le Progres Egyptien|http://www.progres.net.eg/|EG
MK|http://mkegypt.net/|EG
Watani|http://www.wataninet.com/|EG
Youm 7|http://www.youm7.com/|EG
Channel News Asia|http://www.channelnewsasia.com/singapore/|SG
Google|https://news.google.com/news/?ned=en_sg|SG
Little Speck|http://www.littlespeck.com/|SG
Yahoo|https://sg.news.yahoo.com/|SG
Singapore News|http://www.singaporenews.net/|SG
Lianhe Zaobao|http://www.zaobao.com.sg/|SG
Straits Times|http://www.straitstimes.com/|SG
Berita Harian|http://beritaharian.sg/|SG
Business Times|http://www.businesstimes.com.sg/|SG
Lianhe Wanbao|http://www.wanbao.com.sg/|SG
My Paper|http://mypaper.sg/|SG
My Paper|http://mypaper.sg/chinese-section|SG
New Paper|http://www.tnp.sg/|SG
Pravasi Express|http://www.pravasiexpress.com/|SG
Tamil Murasu|http://www.tamilmurasu.com.sg/|SG
Today|http://www.todayonline.com/|SG
B92|http://www.b92.net/eng/|RS
B92|http://www.b92.net/|RS
Deutsche Welle|http://www.dw.com/sr/rubrike/s-10682|RS
Happy TV|http://www.happytv.tv/|RS
N1|http://rs.n1info.com/|RS
PRVA|http://www.prva.rs/|RS
Radio Beograd|http://www.radiobeograd.rs/|RS
Radio Slobodna Evropa|https://www.slobodnaevropa.org/|RS
RTS|http://www.rts.rs/page/home/ci.html|RS
RTS|http://www.rts.rs/page/home/sr.html|RS
RTV Pink|http://www.pink.rs/|RS
S Media|http://www.smedia.rs/|RS
VOA Glas Amerike|https://www.glasamerike.net/|RS
Aktuelno|http://aktuelno.net/|RS
E Kapija|http://www.ekapija.com/de/|RS
E Kapija|http://www.ekapija.com/en/|RS
E Kapija|http://www.ekapija.com/|RS
E Novine|http://www.e-novine.com/|RS
Google|https://news.google.com/news/?ned=sr_rs|RS
Krstarica|https://www.krstarica.com/|RS
MFA|http://www.mfa.gov.rs/en/index.php?lang=eng|RS
MFA|http://www.mfa.gov.rs/sr/index.php?lang=cyr|RS
MFA|http://www.mfa.gov.rs/sr/index.php?lang=lat|RS
Mondo|http://mondo.rs/|RS
Mozzart Sport|http://www.mozzartsport.com/|RS
Nadlanu|http://www.nadlanu.com/|RS
Naslovi|http://www.naslovi.net/|RS
Noizz|http://noizz.rs/|RS
Pravda|http://www.pravda.rs/|RS
Pravda|http://www.pravda.rs/lat/|RS
Sportske Net|http://www.sportske.net/|RS
Srbija|http://www.srbija.gov.rs/?change_lang=en|RS
Srbija|http://www.srbija.gov.rs/?change_lang=cr|RS
Srbija|http://www.srbija.gov.rs/?change_lang=sr|RS
Svet Plus|http://www.svetplus.com/|RS
Hello|http://www.hellomagazin.rs/|RS
NIN|http://www.nin.co.rs/?change_lang=sr|RS
NIN|http://www.nin.co.rs/?change_lang=ls|RS
Nova Srpska Politicka Misao|http://www.nspm.rs/?alphabet=c|RS
Nova Srpska Politicka Misao|http://www.nspm.rs/?alphabet=l|RS
Novi Standard|http://www.standard.rs/|RS
Svet|http://www.svet.rs/|RS
Vreme|http://www.vreme.com/|RS
Blic|http://www.blic.rs/|RS
Danas|http://www.danas.rs/|RS
Glas Javnosti|http://www.glas-javnosti.rs/|RS
Politika|http://www.politika.rs/scc|RS
Politika|http://www.politika.rs/sr|RS
Vecernje Novosti|http://www.novosti.rs/|RS
Beta|http://beta.rs/|RS
Beta TV|http://www.beta-video.tv/|RS
Fonet|http://www.fonet.rs/|RS
Sportska Centrala|http://www.sportskacentrala.com/|RS
Tanjug|http://www.tanjug.rs/index_en.aspx|RS
Tanjug|http://www.tanjug.rs/index1.aspx|RS
Tanjug|http://www.tanjug.rs/|RS
RTV Bor|https://rtvbor.rs/|RS
Rec Naroda|http://recnaroda.co.rs/|RS
Sat TV|http://www.sattelevizija.com/|RS
Alo|http://www.alo.rs/|RS
Belgrade Insight|http://belgradeinsight.com/|RS
Beograd|http://www.beograd.rs/|RS
Ekspres Politika|http://www.politika-ekspres.net/|RS
Informer|http://www.informer.rs/|RS
Komsomolskaia Pravda|http://www.balkans.kp.ru/|RS
Kurir|http://www.kurir.rs/|RS
Pecat|http://www.pecat.co.rs/|RS
Press|http://www.pressonline.rs/|RS
Privredni Pregled|http://www.pregled.rs/|RS
Sportski Zurnal|http://www.zurnal.rs/|RS
Sportski Zurnal|http://www.zurnal.rs/?lang=lat|RS
Srpski Telegraf|http://www.telegraf.rs/|RS
Studio B|http://studiob.rs/|RS
Svedok|http://www.svedok.rs/|RS
TV Leskovac|http://www.tvl.rs/|RS
Becejski Mozaik|http://becejski-mozaik.co.rs/|RS
Dnevnik|https://www.dnevnik.rs/|RS
Gradanski Oglasnik|http://www.gradjanski.rs/|RS
Hlas L'udu|http://hl.rs/|RS
Kanal 9|http://www.kanal9tv.com/|RS
Novosadska TV|http://novosadska.tv/|RS
Radio 021|http://www.021.rs/|RS
RTV|http://www.rtv.rs/|RS
RTV Panonija|http://rtvpanonija.rs/|RS
Ruske Slovo|http://www.ruskeslovo.com/|RS
RTV OK|http://www.rtvok.com/|RS
Radio Bus|http://www.radiobus.rs/|RS
Libertatea|http://libertatea.rs/|RS
Pancevac|http://www.pancevac-online.rs/|RS
Pancevo Online|http://k-013.com/|RS
RTV Pancevo|http://rtvpancevo.rs/|RS
Revija Kolubara|http://revija.kolubara.info/|RS
Valjevo TV|http://www.vtv.rs/|RS
Loznica Info|http://www.loznicainfo.com/|RS
Loznicke Novosti|http://loznickenovosti.com/|RS
Glas Podrinja|http://www.glaspodrinja.rs/|RS
RTV Sabac|http://www.sabac.tv/|RS
Cacanski Glas|http://caglas.rs/|RS
RTV Galaksija|http://www.rtvgalaksija.rs/?lang=cir|RS
RTV Galaksija|http://www.rtvgalaksija.rs/?lang=lat|RS
Juzne Vesti|https://www.juznevesti.com/|RS
Narodne Novine|http://www.narodne.com/|RS
NTV|http://ntv.rs/|RS
RTV Belle Amie|http://www.belami.rs/|RS
Presheva|http://presheva.com/|RS
Presheva Jone|http://www.preshevajone.com/|RS
RTV Vranje|http://www.rtv-vranje.rs/|RS
Vranjske|https://www.vranjske.co.rs/|RS
RT Caribrod|http://rtcaribrod.rs/bg/Ð¿Ð¾ÑÐµÑÐ½Ð°-2/|RS
RT Caribrod|http://rtcaribrod.rs/sr/Ð¿Ð¾ÑÐµÑÐ½Ð°/|RS
RTV Kraljevo|http://rtvkraljevo.com/|RS
Sloboda|http://www.sloboda-pirot.rs/|RS
TV Pirot|http://tvpirot.rs/|RS
Grad|http://krusevacgrad.rs/|RS
Jefimija TV|http://jefimija.tv/|RS
RTK|http://www.rtk.rs/|RS
Radio Sto Plus|http://www.radiostoplus.com/|RS
RTV Novi Pazar|http://rtvnp.rs/|RS
Bunjevacke Novine|http://www.bunjevci.net/bunjevacke-novine|RS
Het Nap|http://hetnap.rs/|RS
Hrvatska Rijec|http://www.hrvatskarijec.rs/|RS
Magyar Szo|https://www.magyarszo.rs/|RS
Pannon RTV|http://pannonrtv.com/|RS
Suboticke Novine|http://www.subotickenovine.rs/|RS
TV Subotica|http://www.tvsubotica.com/|RS
YU Eco RTV|http://yueco.rs/|RS
Kikindske Novine|http://kikindske.rs/|RS
TV Rubin|http://tvrubin.rs/|RS
RTV Santos|http://www.sremskenovine.co.rs/|RS
STV|http://sremska.tv/|RS
Sremske Novine|http://www.sremskenovine.co.rs/|RS
Kragujevacke Novine|http://www.kragujevacke.rs/|RS
TV Kanal 9|http://www.tvk9.ws.rs/|RS
Best TV|https://besttv.rs/|RS
Zajecar Online|https://zajecaronline.com/|RS
Miroljub|http://www.hkudvladimirnazor.com/index.php/sekcije/list-miroljub|RS
Somborske Novine|http://www.somborskenovine.co.rs/|RS
TV 5|http://www.tv5.rs/|RS
TV Lav|http://tvlav.rs/|RS
Uzicka Nedelja|http://uzickanedelja.rs/|RS
Radio Botswana |http://www.radiobotswana.gov.bw/|BW
Google|https://news.google.com/news/?ned=en_bw|BW
Botswana Gazette|http://www.gazettebw.com/|BW
Daily News|http://www.dailynews.gov.bw/|BW
Botswana Guardian|http://www.botswanaguardian.co.bw/|BW
Business Weekly and Review|http://www.businessweekly.co.bw/|BW
Echo|http://www.echo.co.bw/|BW
Gabz FM|http://www.gabzfm.com/|BW
Midweek Sun|http://www.themidweeksun.co.bw/|BW
Mmegi|http://www.mmegi.bw/|BW
Patriot|http://www.thepatriot.co.bw/|BW
Sunday Standard|http://www.sundaystandard.info/|BW
Voice|http://www.thevoicebw.com/|BW
Weekend Post|http://www.weekendpost.co.bw/|BW
Ngami Times|http://www.ngamitimes.com/|BW
Derby Telegraph|http://www.derbytelegraph.co.uk/|GB
Alfreton Chad|http://www.chad.co.uk/news/local/alfreton|GB
Ashbourne News Telegraph|http://www.ashbournenewstelegraph.co.uk/|GB
Peak Times|http://www.bakewelltoday.co.uk/|GB
Belper News|http://www.belpernews.co.uk/|GB
Buxton Advertiser|http://www.buxtonadvertiser.co.uk/|GB
Glossop Advertiser|http://menmedia.co.uk/glossopadvertiser/news/|GB
Derbyshire Times|http://www.derbyshiretimes.co.uk/|GB
Ilkeston Advertiser|http://www.ilkestonadvertiser.co.uk/|GB
Matlock Mercury|http://www.matlockmercury.co.uk/|GB
Ripley and Heanor News|http://www.ripleyandheanornews.co.uk/|GB
Leicester Mercury|http://www.leicestermercury.co.uk/|GB
Hinckley Times|http://www.hinckleytimes.net/|GB
Harborough Mail|http://www.harboroughmail.co.uk/|GB
Melton Times|http://www.meltontimes.co.uk/|GB
Boston Standard|http://www.bostonstandard.co.uk/|GB
Local|http://www.bournelocal.co.uk/|GB
Rutland and Stamford Mercury|http://www.stamfordmercury.co.uk/|GB
Gainsborough Standard|http://www.gainsboroughstandard.co.uk/|GB
Grantham Journal|http://www.granthamjournal.co.uk/|GB
Horncastle News|http://www.horncastlenews.co.uk/|GB
Lincolnshire Echo|http://www.lincolnshireecho.co.uk/|GB
Louth Leader|http://www.louthleader.co.uk/|GB
Market Rasen Mail|http://www.marketrasenmail.co.uk/|GB
Skegness Standard|http://www.skegnessstandard.co.uk/|GB
Sleaford Standard|http://www.sleafordstandard.co.uk/|GB
Lincolnshire Free Press|http://www.spaldingtoday.co.uk/|GB
Spalding Guardian|http://www.spaldingtoday.co.uk/|GB
Brackley and Towcester Advertiser|http://www.buckinghamtoday.co.uk/|GB
Daventry Express|http://www.daventryexpress.co.uk/|GB
Northamptonshire Telegraph|http://www.northantstelegraph.co.uk/|GB
Northampton Chronicle and Echo|http://www.northamptonchron.co.uk/|GB
Oundle Chronicle|http://www.oundlechronicle.com/|GB
Nottingham Evening Post|http://www.nottinghampost.com/|GB
Eastwood and Kimberley Advertiser|http://www.eastwoodadvertiser.co.uk/|GB
Hucknall Dispatch|http://www.hucknalldispatch.co.uk/|GB
Chad|http://www.chad.co.uk/|GB
Newark Advertiser|http://newarkadvertiser.co.uk/|GB
Retford Guardian|http://www.retfordtoday.co.uk/|GB
Guardian|http://www.worksopguardian.co.uk/|GB
Rutland Times|http://www.rutland-times.co.uk/|GB
Hereford Times|http://www.herefordtimes.com/|GB
Ledbury Reporter|http://www.ledburyreporter.co.uk/|GB
Ross Gazette|http://www.ross-today.co.uk/|GB
Ludlow and Tenbury Wells Advertiser|http://www.ludlowadvertiser.co.uk/|GB
Oswestry and Border Counties Advertizer|http://www.bordercountiesadvertizer.co.uk/|GB
Burton Mail|http://www.burtonmail.co.uk/|GB
Tamworth Herald|http://www.tamworthherald.co.uk/|GB
Uttoxeter Advertiser|http://www.uttoxeter-news.co.uk/|GB
Sentinel|http://www.stokesentinel.co.uk/|GB
Shropshire Star|http://www.shropshirestar.com/|GB
Kenilworth Weekly News|http://www.kenilworthweeklynews.co.uk/|GB
Leamington Observer|http://www.leamingtonobserver.co.uk/|GB
Leamington Spa Courier|http://www.leamingtoncourier.co.uk/|GB
Rugby Advertiser|http://www.rugbyadvertiser.co.uk/|GB
Stratford upon Avon Herald|http://www.stratford-herald.com/|GB
Warwick Courier|http://www.warwickcourier.co.uk/|GB
Birmingham Mail|http://www.birminghammail.co.uk/|GB
Birmingham Post|http://www.birminghampost.co.uk/|GB
Sunday Mercury|http://www.birminghammail.co.uk/all-about/sunday-mercury|GB
Coventry Observer|http://www.coventryobserver.co.uk/|GB
Coventry Telegraph|http://www.coventrytelegraph.net/|GB
CWN|http://www.cwn.org.uk/|GB
Dudley News|http://www.dudleynews.co.uk/|GB
Halesowen News|http://www.halesowennews.co.uk/|GB
Solihull News|http://www.solihullnews.net/|GB
Solihull Observer|http://www.solihullobserver.co.uk/|GB
Stourbridge News|http://www.stourbridgenews.co.uk/|GB
Express and Star|http://www.expressandstar.com/|GB
Bromsgrove Advertiser|http://www.bromsgroveadvertiser.co.uk/|GB
Bromsgrove Standard|http://www.bromsgrovestandard.co.uk/|GB
Evesham Journal|http://www.eveshamjournal.co.uk/|GB
Evesham Observer|http://www.eveshamobserver.co.uk/|GB
Shuttle|http://www.kidderminstershuttle.co.uk/|GB
Malvern Gazette|http://www.malverngazette.co.uk/|GB
Redditch Advertiser|http://www.redditchadvertiser.co.uk/|GB
Redditch and Alcester Standard|http://www.redditchstandard.co.uk/|GB
Worcester News|http://www.worcesternews.co.uk/|GB
Worcester Observer|http://worcesterobserver.co.uk/|GB
3 FM|http://www.three.fm/|GB
Manx Radio|http://www.manxradio.com/|GB
Isle of Man Guide|http://www.iomguide.com/news/index.php|GB
Isle News|http://isleofman.isle-news.com/|GB
Manx|http://www.manx.net/|GB
Isle of Man Courier|http://www.iomtoday.co.im/|GB
Isle of Man Examiner|http://www.iomtoday.co.im/|GB
Manx Independent|http://www.iomtoday.co.im/|GB
South West News Service|http://swns.com/|GB
Bath Chronicle|http://www.bathchronicle.co.uk/|GB
Bristol Post|http://www.bristolpost.co.uk/|GB
Western Daily Press|http://www.westerndailypress.co.uk/|GB
Bude and Stratton Post|http://www.bude-today.co.uk/|GB
Camborne  Redruth Packet|http://www.falmouthpacket.co.uk/news/camborneandredruth/|GB
Camelford and Delabole Post|http://www.camelford-today.co.uk/|GB
Falmouth Penryn Packet|http://www.falmouthpacket.co.uk/news/fpfalmouth/|GB
Cornish Times|http://www.liskeard-today.co.uk/|GB
Cornish Guardian|http://www.cornishguardian.co.uk/|GB
Cornishman|http://www.cornishman.co.uk/|GB
West Briton|http://www.westbriton.co.uk/|GB
North Devon Gazette|http://www.northdevongazette.co.uk/|GB
North Devon Journal|http://www.northdevonjournal.co.uk/|GB
Dartmouth Chronicle and South Hams Gazette|http://www.dartmouth-today.co.uk/|GB
Devon 24|http://www.devon24.co.uk/home|GB
Express and Echo|http://www.exeterexpressandecho.co.uk/|GB
Exmouth Herald|http://www.exmouthherald.co.uk/|GB
Exmouth Journal|http://www.exmouthjournal.co.uk/|GB
Midweek Herald|http://www.midweekherald.co.uk/|GB
Ivybridge South Brent and South Hams Gazette|http://www.ivybridge-today.co.uk/|GB
Kingsbridge Salcombe and South Hams Gazette|http://www.kingsbridge-today.co.uk/|GB
Okehampton Times|http://www.okehampton-today.co.uk/|GB
Sidmouth Herald|http://www.sidmouthherald.co.uk/|GB
Tavistock Times Gazette|http://www.tavistock-today.co.uk/|GB
Mid Devon Star|http://www.middevonstar.co.uk/|GB
Tiverton Gazette|http://www.middevongazette.co.uk|GB
Daily Echo|http://www.bournemouthecho.co.uk/|GB
Bridport News|http://www.bridportnews.co.uk/|GB
Blackmore Vale Magazine|http://www.blackmorevale.co.uk/|GB
Dorset Echo|http://www.dorsetecho.co.uk/|GB
Gloucestershire Echo|http://www.gloucestershireecho.co.uk/|GB
Wilts and Gloucestershire Standard|http://www.wiltsglosstandard.co.uk/|GB
Gloucester Citizen|http://www.gloucestershireecho.co.uk/|GB
Gloucestershire Gazette|http://www.gazetteseries.co.uk/|GB
Stroud News and Journal|http://www.stroudnewsandjournal.co.uk/|GB
Weston and Somerset Mercury|http://www.thewestonmercury.co.uk/|GB
Herald|http://www.plymouthherald.co.uk/|GB
Western Morning News|http://www.westernmorningnews.co.uk/|GB
Bridgwater Mercury|http://www.bridgwatermercury.co.uk/|GB
Weekly News|http://www.burnhamandhighbridgeweeklynews.co.uk/|GB
West Somerset Free Press|http://www.exmoor-today.co.uk/|GB
Somerset County Gazette|http://www.somersetcountygazette.co.uk/|GB
Western Gazette|http://www.westerngazette.co.uk/|GB
Swindon Advertiser|http://www.swindonadvertiser.co.uk/|GB
Swindon Business News|http://swindon-business.net/|GB
Herald Express|http://www.torquayheraldexpress.co.uk/|GB
Salisbury Journal|http://www.salisburyjournal.co.uk/|GB
Wiltshire Times|http://www.wiltshiretimes.co.uk/|GB
Darlington and Stockton Times|http://www.darlingtonandstocktontimes.co.uk/|GB
Northern Echo|http://www.thenorthernecho.co.uk/|GB
Newton News|http://www.newtonnews.co.uk/|GB
Peterlee Star|http://www.peterleestar.co.uk/|GB
Hartlepool Mail|http://www.hartlepoolmail.co.uk/|GB
Evening Gazette|http://www.gazettelive.co.uk/|GB
Evening Chronicle|http://www.chroniclelive.co.uk/|GB
Journal|http://www.thejournal.co.uk/|GB
Sunday Sun|http://www.chroniclelive.co.uk/all-about/sunday-sun|GB
Northumberland Gazette|http://www.northumberlandgazette.co.uk/|GB
Berwick Advertiser|http://www.berwick-advertiser.co.uk/|GB
Berwickshire News|http://www.berwickshirenews.co.uk/|GB
News Post Leader|http://www.newspostleader.co.uk/|GB
Hexham Courant|http://www.hexhamcourant.co.uk/|GB
Morpeth Herald|http://www.morpethherald.co.uk/|GB
Stockton and Billingham Herald and Post|http://www.gazettelive.co.uk/herald-and-post-stockton-and-billingham/|GB
Shields Gazette|http://www.shieldsgazette.com/|GB
Sunderland Echo|http://www.sunderlandecho.com/|GB
News Guardian|http://www.newsguardian.co.uk/|GB
BBC|http://www.bbc.co.uk/news/scotland/|GB
Wreckered|http://www.wreckered.co.uk/index.htm|GB
Scottish Business Insider|http://www.dailyrecord.co.uk/business/|GB
Scots Magazine|http://www.scotsmagazine.com/|GB
Herald|http://www.heraldscotland.com/|GB
Scots Independent|http://www.scotsindependent.org/|GB
Scotsman|http://www.scotsman.com/|GB
Scottish Socialist Voice|http://www.scottishsocialistvoice.net/|GB
Aberdeen Citizen|http://www.aberdeencitizen.com/|GB
Aberdeen  Independent|http://indy-online.co.uk/|GB
Evening Express|http://www.eveningexpress.co.uk/|GB
Press and Journal|https://www.pressandjournal.co.uk/|GB
STV|http://www.stv.tv/|GB
Ballater Eagle|http://www.ballatercommunity.com/?Ballater_Eagle|GB
Deeside Piper and Herald|http://www.deesidepiper.co.uk/|GB
Banffshire Journal|http://www.banffshire-journal.co.uk/Home/|GB
Ellon Times|http://www.ellontimes.co.uk/|GB
Fraserburgh Herald|http://www.fraserburghherald.co.uk/|GB
Inverurie Herald|http://www.inverurieherald.co.uk/|GB
Kincardineshire Observer|http://www.kincardineshireobserver.co.uk/|GB
Buchan Observer|http://www.buchanobserver.co.uk/|GB
North East Weekly|http://www.buchanadvertiser.co.uk/|GB
Mearns Leader|http://www.mearnsleader.co.uk/|GB
Donside Piper and Herald|http://www.donsidepiper.co.uk/|GB
Arbroath Herald|http://www.arbroathherald.co.uk/|GB
Brechin Advertiser|http://www.brechinadvertiser.co.uk/|GB
Guide and Gazette|http://www.guideandgazette.co.uk/|GB
Forfar Dispatch|http://www.forfardispatch.co.uk/|GB
Kirriemuir Herald|http://www.kirriemuirherald.co.uk/|GB
Montrose Review|http://www.montrosereview.co.uk/|GB
Ileach|http://www.ileach.co.uk/|GB
Campbeltown Courier|http://www.campbeltowncourier.co.uk/|GB
Dunoon Observer|http://www.dunoon-observer.com/|GB
Helensburgh Advertiser|http://www.helensburghadvertiser.co.uk/|GB
Argyllshire Advertiser|http://www.argyllshireadvertiser.co.uk/|GB
Oban Times|http://www.obantimes.co.uk/|GB
Buteman|http://www.buteman.co.uk/|GB
Alloa and Hillfoots Advertiser|http://www.alloaadvertiser.com/|GB
Annandale Herald|http://www.dng24.co.uk/|GB
Annandale Observer|http://www.dng24.co.uk/|GB
Galloway News|http://www.dailyrecord.co.uk/all-about/dumfries-galloway|GB
Dumfries and Galloway Standard|http://www.dailyrecord.co.uk/all-about/dumfries-galloway|GB
Dumfries Courier|http://www.dng24.co.uk/|GB
Eskdale and Liddesdale Advertiser|http://www.eladvertiser.co.uk/|GB
Moffat News|http://www.dng24.co.uk/|GB
Galloway Gazette|http://www.gallowaygazette.co.uk/|GB
Stanraer and Wigtownshire Free Press|http://www.stranraer-freepress.co.uk/|GB
Courier|http://www.thecourier.co.uk/|GB
Dundee Messenger|http://www.dundeemessenger.co.uk/|GB
Evening Telegraph|http://www.eveningtelegraph.co.uk/|GB
Sunday Post|http://www.sundaypost.com/|GB
Cumnock Chronicle|http://www.cumnockchronicle.com/|GB
Kilmarnock Standard|http://www.dailyrecord.co.uk/all-about/kilmarnock|GB
Kirkintilloch Herald|http://www.kirkintilloch-herald.co.uk/|GB
Milngavie Herald|http://www.milngavieherald.co.uk/|GB
East Lothian Courier|http://www.eastlothiancourier.com/|GB
East Lothian News|http://www.eastlothiannews.co.uk/|GB
Barrhead News|http://www.barrheadnews.com/|GB
Evening News|http://www.edinburghnews.scotsman.com/|GB
Scotland on Sunday|http://www.scotsman.com/|GB
Student|http://www.studentnewspaper.org/|GB
South Edinburgh Echo|http://www.southedinburgh.net/echo|GB
Falkirk Herald|http://www.falkirkherald.co.uk/|GB
Central Fife Times and Advertiser|http://www.centralfifetimes.com/|GB
Dunfermline Press|http://www.dunfermlinepress.com/|GB
Fife Herald|http://www.fifetoday.co.uk/news/local-headlines/d-fermline-west-fife|GB
Fife Free Press|http://www.fifetoday.co.uk/news/local-headlines/kirkcaldy-b-island|GB
Fife Today|http://www.fifetoday.co.uk/|GB
Glenrothes Gazette|http://www.fifetoday.co.uk/news/local-headlines/glenrothes|GB
East Fife Mail|http://www.fifetoday.co.uk/news/local-headlines/levenmouth-east-fife|GB
St. Andrews Citizen|http://www.fifetoday.co.uk/news/local-headlines/st-andrews-cupar|GB
Daily Record|http://www.dailyrecord.co.uk/|GB
Evening Times|http://www.eveningtimes.co.uk/|GB
Jewish Telegraph|http://www.jewishtelegraph.com/|GB
National|http://www.thenational.scot/|GB
Sunday Herald|http://www.heraldscotland.com/|GB
Sunday Mail|http://www.dailyrecord.co.uk/|GB
Rutherglen Reformer|http://www.dailyrecord.co.uk/all-about/rutherglen|GB
West Highland Free Press|http://www.whfp.com/|GB
Ross Shire Journal|http://www.ross-shirejournal.co.uk/Home/|GB
Lochaber News|http://www.lochaber-news.co.uk/Home/|GB
Northern Times|http://www.northern-times.co.uk/Home/|GB
Strathspey and Badenoch Herald|http://www.strathspey-herald.co.uk/Home/|GB
Highland News|http://www.highland-news.co.uk/Home/|GB
Inverness Courier|http://www.inverness-courier.co.uk/Home/|GB
Caithness Courier|http://www.johnogroat-journal.co.uk/Home/|GB
John O'Groat Journal|http://www.johnogroat-journal.co.uk/Home/|GB
Greenock Telegraph|http://www.greenocktelegraph.co.uk/|GB
Advertiser|http://www.midlothianadvertiser.co.uk/|GB
Northern Scot|http://www.northern-scot.co.uk/Home/|GB
Forres Gazette|http://www.forres-gazette.co.uk/Home/|GB
Ardrossan and Saltcoats Herald|http://www.ardrossanherald.com/|GB
Arran Banner|http://www.arranbanner.co.uk/|GB
Irvine Herald|http://www.dailyrecord.co.uk/all-about/irvine|GB
Irvine Times|http://www.irvinetimes.com/|GB
Largs and Millport Weekly News|http://www.largsandmillportnews.com/|GB
Airdrie and Coatbridge Advertiser|http://www.dailyrecord.co.uk/all-about/airdrie-coatbridge|GB
Cumbernauld News|http://www.cumbernauld-news.co.uk/|GB
Motherwell Times|http://www.motherwelltimes.co.uk/|GB
Wishaw Press|http://www.dailyrecord.co.uk/all-about/wishaw|GB
Orcadian|http://www.orcadian.co.uk/|GB
Stornoway Gazette|http://www.stornowaygazette.co.uk/|GB
Blairgowrie  Advertiser|http://www.dailyrecord.co.uk/all-about/perthshire|GB
Strathearn Herald|http://www.dailyrecord.co.uk/all-about/perthshire|GB
Perthshire Advertiser|http://www.dailyrecord.co.uk/all-about/perthshire|GB
Gazette|http://www.the-gazette.co.uk/|GB
Paisley Daily Express|http://www.dailyrecord.co.uk/all-about/paisley|GB
Border Telegraph|http://www.bordertelegraph.com/|GB
Hawick News|http://www.hawick-news.co.uk/|GB
Peeblesshire News|http://www.peeblesshirenews.com/|GB
Selkirk Weekend Advertiser|http://www.selkirkweekendadvertiser.co.uk/|GB
Southern Reporter|http://www.thesouthernreporter.co.uk/|GB
Shetland News|http://www.shetland-news.co.uk/|GB
Shetland Times|http://www.shetlandtimes.co.uk/|GB
Ayr Advertiser|http://www.ayradvertiser.com/|GB
Ayrshire Post|http://www.dailyrecord.co.uk/all-about/ayr|GB
Carrick Gazette|http://www.carricktoday.co.uk/|GB
Carluke Gazette|http://www.carlukegazette.co.uk/|GB
East Kilbride News|http://www.dailyrecord.co.uk/all-about/east-kilbride|GB
Hamilton Advertiser|http://www.dailyrecord.co.uk/all-about/hamilton|GB
Allanwater Herald|http://www.allanwaterherald.co.uk/|GB
Stirling Observer|http://www.dailyrecord.co.uk/all-about/stirling|GB
Clydebank Post|http://www.clydebankpost.co.uk/|GB
Dumbarton and Vale of Leven Reporter|http://www.dumbartonreporter.co.uk/|GB
Lennox Herald|http://www.dailyrecord.co.uk/all-about/west-dunbartonshire|GB
West Lothian Courier|http://www.dailyrecord.co.uk/all-about/west-lothian|GB
Linlithgow Gazette|http://www.linlithgowgazette.co.uk/|GB
Bracknell Forest Standard|http://www.getreading.co.uk/all-about/bracknell|GB
Bracknell News|http://www.bracknellnews.co.uk/|GB
Maidenhead Advertiser|http://www.maidenhead-advertiser.co.uk/|GB
Newbury Weekly News|http://www.newburytoday.co.uk/|GB
Reading Chronicle|http://www.readingchronicle.co.uk/|GB
Reading Evening Post|http://www.getreading.co.uk/|GB
Slough and Langley Observer|http://www.sloughobserver.co.uk/|GB
Slough Express|http://www.sloughexpress.co.uk/|GB
Royal Borough Observer|http://www.windsorobserver.co.uk/|GB
Windsor Express|http://www.windsorexpress.co.uk/|GB
Wokingham Times|http://www.getreading.co.uk/all-about/wokingham|GB
Argus|http://www.theargus.co.uk/|GB
Argus Lite|http://www.arguslite.co.uk/|GB
Amersham and Little Chalfont Examiner|http://www.getbucks.co.uk/all-about/amersham|GB
Bucks Herald|http://www.bucksherald.co.uk/|GB
Buckingham and Winslow Advertiser|http://www.buckinghamtoday.co.uk/|GB
Bucks Free Press|http://www.bucksfreepress.co.uk/|GB
Bexhill on Sea Observer|http://www.bexhillobserver.net/|GB
Eastbourne Herald|http://www.eastbourneherald.co.uk/|GB
Hastings and St. Leonards Observer|http://www.hastingsobserver.co.uk/|GB
Sussex Express|http://www.sussexexpress.co.uk/|GB
Rye and Battle Observer|http://www.ryeandbattleobserver.co.uk/|GB
Aldershot News and Mail|http://www.gethampshire.co.uk/all-about/aldershot|GB
Alton Herald|http://www.altonherald.com/|GB
Alton Post Gazette|http://www.altonpostgazette.co.uk/|GB
Andover Advertiser|http://www.andoveradvertiser.co.uk/|GB
Basingstoke Extra|http://www.basingstokegazette.co.uk/the_extra/|GB
Basingstoke Gazette|http://www.basingstokegazette.co.uk/|GB
Basingstoke Observer|http://basingstokeobserver.co.uk/|GB
Bordon Herald|http://www.bordonherald.com/|GB
Farnborough News and Mail|http://www.gethampshire.co.uk/all-about/farnborough|GB
Fleet News and Mail|http://www.gethampshire.co.uk/all-about/fleet|GB
Hayling Islander|http://www.haylingtoday.co.uk/|GB
Petersfield Herald|http://www.petersfieldherald.com/|GB
Petersfield Messenger|http://www.petersfieldmessenger.com/|GB
Hampshire Chronicle|http://www.hampshirechronicle.co.uk/|GB
Isle of Wight County Press|http://www.iwcp.co.uk/|GB
Ashford Advertiser|http://www.ashford-advertiser.co.uk/|GB
Kent on Saturday|http://www.kentnews.co.uk/|GB
Kent on Sunday|http://www.kentnews.co.uk/|GB
East Kent Mercury|http://www.kentonline.co.uk/deal/|GB
Reporter|http://www.gravesendreporter.co.uk/|GB
Kent Online|http://www.kentonline.co.uk/|GB
Sevenoaks Chronicle|http://www.sevenoakschronicle.co.uk/|GB
Kent and Sussex Courier|http://www.courier.co.uk/|GB
MK News|http://www.mkweb.co.uk/|GB
Milton Keynes Citizen|http://www.miltonkeynes.co.uk/|GB
Abingdon Herald|http://www.heraldseries.co.uk/news/hsabingdonnews/|GB
Banbury Cake|http://www.banburycake.co.uk/|GB
Banbury Guardian|http://www.banburyguardian.co.uk/|GB
Bicester Advertiser|http://www.bicesteradvertiser.net/|GB
Didcot Herald|http://www.heraldseries.co.uk/news/hsdidcotnews/|GB
Henley Standard|http://www.henleystandard.co.uk/|GB
Herald Series|http://www.heraldseries.co.uk/|GB
Oxford Mail|http://www.oxfordmail.co.uk/|GB
Oxford Times|http://www.oxfordtimes.co.uk/|GB
Thame Gazette|http://www.thametoday.co.uk/|GB
Wallingford Herald|http://www.heraldseries.co.uk/news/hswallingfordnews/|GB
Wantage and Grove Herald|http://www.heraldseries.co.uk/news/hswantagenews/|GB
Witney Gazette|http://www.witneygazette.co.uk/|GB
News|http://www.portsmouth.co.uk/|GB
Southern Daily Echo|http://www.dailyecho.co.uk/|GB
Camberley News and Mail|http://www.getsurrey.co.uk/all-about/camberley|GB
Dorking and Leatherhead Advertiser|http://www.dorkingandleatherheadadvertiser.co.uk/|GB
Epsom Guardian|http://www.epsomguardian.co.uk/|GB
Farnham Herald|http://www.farnhamherald.com/|GB
Surrey and Hants News|http://www.surreyandhantsnews.com/|GB
Get Surrey|http://www.getsurrey.co.uk/|GB
Surrey Advertiser|http://www.getsurrey.co.uk/all-about/guildford|GB
Haslemere Herald|http://www.haslemereherald.com/|GB
Surrey Mirror|http://www.surreymirror.co.uk/|GB
Woking News and Mail|http://www.wokingnewsandmail.co.uk/|GB
Bognor Regis Observer|http://www.bognor.co.uk/|GB
Chichester Observer|http://www.chichester.co.uk/|GB
Crawley Observer|http://www.crawleyobserver.co.uk/|GB
East Grinstead Courier|http://www.eastgrinsteadcourier.co.uk/|GB
Mid Sussex Times|http://www.midsussextimes.co.uk/|GB
West Sussex County Times|http://www.wscountytimes.co.uk/|GB
Littlehampton Gazette|http://www.littlehamptongazette.co.uk/|GB
Midhurst Observer|http://www.midhurstandpetworth.co.uk/|GB
Shoreham Herald|http://www.shorehamherald.co.uk/|GB
Worthing Herald|http://www.worthingherald.co.uk/|GB
Albanian|http://thealbanian.co.uk/|GB
Breitbart|http://www.breitbart.com/breitbart-london|GB
City A.M.|http://www.cityam.com/|GB
Daily Express|http://www.express.co.uk/|GB
Daily Mail|http://www.dailymail.co.uk/|GB
Daily Star|http://www.dailystar.co.uk/|GB
Evening Standard|http://www.standard.co.uk/|GB
Financial Times|http://www.ft.com/home/uk|GB
Gazeta Russkiy London|http://www.russianlondon.com/|GB
Guardian|http://www.theguardian.com/uk|GB
Guardian Weekly|http://www.theguardian.com/weekly|GB
Independent|http://www.independent.co.uk/|GB
Jewish Chronicle|http://www.thejc.com/|GB
Journey|http://www.japanjournals.com/|GB
London Info|http://www.london-info.org/|GB
London Loves Business|http://www.londonlovesbusiness.com/|GB
Londonist|http://londonist.com/|GB
Londonskiy Kuryer|http://www.russianuk.com/|GB
Mail on Sunday|http://www.mailonsunday.co.uk/mailonsunday/index.html|GB
Mauritius News|http://www.mauritiusnews.co.uk/|GB
Metro|http://metro.co.uk/|GB
Mirror|http://www.mirror.co.uk/|GB
MK|http://mk-london.co.uk/|GB
Morning Star|http://www.morningstaronline.co.uk/|GB
New Day|http://thenewday.co.uk/|GB
Nowy Czas|http://www.nowyczas.co.uk/|GB
Observer|http://observer.theguardian.com/|GB
Pulse UK|http://pulse-uk.org.uk/|GB
Socialist Worker|http://www.socialistworker.co.uk/|GB
Sun|http://www.thesun.co.uk/sol/homepage/|GB
Sunday People|http://www.mirror.co.uk/all-about/sunday-people|GB
Sunday Times|http://www.thesundaytimes.co.uk/sto/|GB
Telegraph|http://www.telegraph.co.uk/|GB
Times|http://www.thetimes.co.uk/tto/news/|GB
UK BD News|http://ukbdnews.com/|GB
Barnet and Potters Bar Times|http://www.times-series.co.uk/|GB
Southwark News|http://www.southwarknews.co.uk/|GB
Southwark Weekender|http://www.southwarknews.co.uk/|GB
Bexley Times|http://www.bexleytimes.co.uk/home|GB
East London Advertiser|http://www.eastlondonadvertiser.co.uk/home|GB
Bromley News|http://www.bromley-today.co.uk/|GB
Bromley Times|http://www.bromleytimes.co.uk/home|GB
News Shopper|http://www.newsshopper.co.uk/news/bromley/|GB
Camden New Journal|http://www.camdennewjournal.com/|GB
Wharf|http://www.wharf.co.uk/|GB
Croydon Advertiser|http://www.croydonadvertiser.co.uk/|GB
Croydon Guardian|http://www.croydonguardian.co.uk/|GB
Edgware and Mill Hill Times|http://www.times-series.co.uk/|GB
Ham and High|http://www.hamhigh.co.uk/home|GB
Haringey Independent|http://www.haringeyindependent.co.uk/|GB
Hendon and Finchley Times|http://www.times-series.co.uk/|GB
Ilford Recorder|http://www.ilfordrecorder.co.uk/home|GB
Islington Gazette|http://www.islingtongazette.co.uk/home|GB
Newham Recorder|http://www.newhamrecorder.co.uk/home|GB
Putney SW15|http://www.putneysw15.com/|GB
Romford Recorder|http://www.romfordrecorder.co.uk/home|GB
South London Press|http://www.southlondonpress.co.uk/|GB
Streatham Guardian|http://www.streathamguardian.co.uk/|GB
Sutton Guardian|http://www.suttonguardian.co.uk/|GB
Tower Hamlets News|http://www.thnews.co.uk/|GB
Wandsworth Guardian|http://www.wandsworthguardian.co.uk/|GB
Wimbledon Guardian|http://www.wimbledonguardian.co.uk/|GB
Beverley Guardian|http://www.beverleyguardian.co.uk/|GB
Bridlington Free Press|http://www.bridlingtonfreepress.co.uk/|GB
Driffield Times|http://www.driffieldtoday.co.uk/|GB
Goole Times|http://gooletimes.info/|GB
Pocklington Post|http://www.pocklingtonpost.co.uk/|GB
Hull Daily Mail|http://www.hulldailymail.co.uk/|GB
Grimsby Telegraph|http://www.grimsbytelegraph.co.uk/|GB
Scunthorpe Telegraph|http://www.scunthorpetelegraph.co.uk/|GB
Harrogate Advertiser|http://www.harrogateadvertiser.co.uk/|GB
Knaresborough Post|http://www.harrogateadvertiser.co.uk/news/local/knaresborough|GB
Malton and Pickering Mercury|http://www.maltonmercury.co.uk/|GB
North Yorkshire Advertiser|http://www.northyorkshireadvertiser.co.uk/|GB
North Yorkshire News|http://www.northyorkshirenews.com/|GB
Nidderdale Herald|http://www.harrogateadvertiser.co.uk/news/local/nidderdale|GB
Ripon Gazette|http://www.ripongazette.co.uk/|GB
Bayfair|http://www.bayfair.co.uk/|GB
Scarborough News|http://www.thescarboroughnews.co.uk/|GB
Selby Times|http://selbytimes.info/|GB
Craven Herald and Pioneer|http://www.cravenherald.co.uk/|GB
Thirsk Weekly News|http://www.thirskweeklynews.com/|GB
Whitby Gazette|http://www.whitbygazette.co.uk/|GB
Barnsley Chronicle|http://www.barnsley-chronicle.co.uk/|GB
Barnsley Independent|http://www.barnsleyindependent.com/|GB
Doncaster Free Press|http://www.doncasterfreepress.co.uk/|GB
Dearne Valley Weekender|http://www.rotherhamadvertiser.co.uk/|GB
South Yorkshire Times|http://www.southyorkshiretimes.co.uk/|GB
Rotherham Advertiser|http://www.rotherhamadvertiser.co.uk/|GB
Rotherham Record|http://www.rotherhamadvertiser.co.uk/|GB
Sheffield Telegraph|http://www.sheffieldtelegraph.co.uk/|GB
Star|http://www.thestar.co.uk/|GB
Batley and Birstall News|http://www.batleynews.co.uk/|GB
Bradford Advertiser|http://www.thebradfordadvertiser.co.uk/|GB
Bradfordian|http://www.thebradfordian.co.uk/|GB
Telegraph and Argus|http://www.thetelegraphandargus.co.uk/|GB
Brighouse Echo|http://www.brighouseecho.co.uk/|GB
Spenborough Guardian|http://www.spenboroughguardian.co.uk/|GB
Dewsbury Reporter|http://www.dewsburyreporter.co.uk/|GB
Press|http://www.thepressnews.co.uk/|GB
Evening Courier|http://www.halifaxcourier.co.uk/|GB
Hebden Bridge Times|http://www.hebdenbridgetimes.co.uk/|GB
Huddersfield Daily Examiner|http://www.examiner.co.uk/|GB
Ilkley Gazette|http://www.ilkleygazette.co.uk/|GB
Keighley News|http://www.keighleynews.co.uk/|GB
Yorkshire Evening Post|http://www.yorkshireeveningpost.co.uk/|GB
Yorkshire Post|http://www.yorkshirepost.co.uk/|GB
Yorkshire Reporter|http://yorkshirereporter.co.uk/|GB
Mirfield Reporter|http://www.mirfieldreporter.co.uk/|GB
Morley Observer and Advertiser|http://www.morleyobserver.co.uk/|GB
Wharfedale and Airedale Observer|http://www.wharfedaleobserver.co.uk/|GB
Pontefract and Castleford Express|http://www.pontefractandcastlefordexpress.co.uk/|GB
Todmorden News|http://www.todmordennews.co.uk/|GB
Wakefield Express|http://www.wakefieldexpress.co.uk/|GB
Wetherby News|http://www.wetherbynews.co.uk/|GB
Press|http://www.yorkpress.co.uk/|GB
ITV Channel TV|http://www.itv.com/news/channel/|GB
Island FM|http://www.islandfm.com/|GB
Isle News|http://guernsey.isle-news.com/|GB
Guernsey Press and Star|http://guernseypress.com/|GB
BBC|http://www.bbc.co.uk/news/northern_ireland/|GB
Nuacht 24|http://www.nuacht24.com/|GB
Ulster Business|http://www.ulsterbusiness.com/|GB
Irish News|http://www.irishnews.com/|GB
News Letter|http://www.newsletter.co.uk/|GB
Antrim Guardian|http://www.antrimguardian.co.uk/|GB
Antrim Times|http://www.antrimtimes.co.uk/|GB
Newtownards Chronicle|http://www.newtownardschronicle.com/|GB
Ulster Gazette|http://www.ulstergazette.co.uk/|GB
Ballymena Times|http://www.ballymenatimes.com/|GB
Ballymoney and Moyle Times|http://www.ballymoneytimes.co.uk/|GB
Ballymoney Chronicle|http://ballymoney.thechronicle.uk.com/|GB
Banbridge Leader|http://www.banbridgeleader.co.uk/|GB
Dromore Leader|http://www.dromoreleader.co.uk/|GB
Belfast Daily|http://belfastdaily.com/|GB
Belfast Telegraph|http://www.belfasttelegraph.co.uk/|GB
Farming Life|http://www.farminglife.com/|GB
UTV|http://www.u.tv/|GB
Andersontown News|http://belfastmediagroup.com/category/atown/|GB
North Belfast News|http://belfastmediagroup.com/category/nbn/|GB
South Belfast News|http://belfastmediagroup.com/category/sbn/|GB
Carrickfergus Advertiser|http://www.carrickadvertiser.co.uk/|GB
Coleraine Times|http://www.colerainetimes.co.uk/|GB
Leader|http://www.theleader.uk.com/|GB
Mid Ulster Mail|http://www.midulstermail.co.uk/|GB
Tyrone Courier|http://www.tyronecourier.uk.com/|GB
Lurgan Mail|http://www.lurganmail.co.uk/|GB
Portadown Times|http://www.portadowntimes.co.uk/|GB
Derry Journal|http://www.derryjournal.com/|GB
Londonderry Sentinel|http://www.londonderrysentinel.co.uk/|GB
Mourne Observer|http://www.mourneobserver.com/|GB
Tyrone Times|http://www.tyronetimes.co.uk/|GB
Fermanagh Herald|http://fermanaghherald.com/|GB
Impartial Reporter|http://www.impartialreporter.com/|GB
Larne Times|http://www.larnetimes.co.uk/|GB
Limavady Chronicle|http://limavady.thechronicle.uk.com/|GB
Ulster Star|http://www.lisburntoday.co.uk/|GB
Ballycastle Chronicle|http://ballycastle.thechronicle.uk.com/|GB
Newry Democrat|http://www.newrydemocrat.com/|GB
Newry Reporter|http://www.newryreporter.com/|GB
Seller|http://www.thesellerni.com/|GB
County DownOutlook|http://www.outlooknews.co.uk/|GB
Ballyclare Gazette|http://www.ballyclaregazette.co.uk/|GB
Newtownabbey Times|http://www.newtownabbeytoday.co.uk/|GB
County Down Spectator|http://countydownspectator.com/|GB
Tyrone Constitution|http://www.tyronecon.co.uk/|GB
Ulster Herald|http://ulsterherald.com/|GB
Strabane Chronicle|http://strabanechronicle.com/|GB
Strabane Weekly News|http://www.strabaneweekly.co.uk/|GB
Citizen|http://www.blackburncitizen.co.uk/|GB
Lancashire Telegraph|http://www.lancashiretelegraph.co.uk/|GB
Blackpool Citizen|http://www.blackpoolcitizen.co.uk/|GB
Gazette|http://www.blackpoolgazette.co.uk/|GB
Crewe and Nantwich Guardian|http://www.creweguardian.co.uk/|GB
Crewe Chronicle|http://www.crewechronicle.co.uk/|GB
Knutsford Guardian|http://www.knutsfordguardian.co.uk/|GB
Macclesfield Express|http://www.macclesfield-express.co.uk/|GB
Wilmslow Express|http://www.macclesfield-express.co.uk/all-about/wilmslow|GB
Chester Chronicle|http://www.chesterchronicle.co.uk/|GB
Chester Standard|http://www.chesterfirst.co.uk/|GB
Ellesmere Port Pioneer|http://www.chesterchronicle.co.uk/all-about/ellesmere-port|GB
Ellesmere Port Standard|http://www.chesterfirst.co.uk/|GB
Northwich Guardian|http://www.northwichguardian.co.uk/|GB
Warrington Guardian|http://www.warringtonguardian.co.uk/|GB
Winsford Guardian|http://www.winsfordguardian.co.uk/|GB
North West Evening Mail|http://www.nwemail.co.uk/|GB
Cumberland News|http://www.cumberlandnews.co.uk/|GB
Cumbria Life|http://www.cumbrialife.co.uk/|GB
News and Star|http://www.newsandstar.co.uk/|GB
Westmorland Gazette|http://www.thewestmorlandgazette.co.uk/|GB
Cumberland and Westmoreland Herald|http://www.cwherald.com/|GB
Whitehaven News|http://www.whitehavennews.co.uk/|GB
West Cumberland Times and Star|http://www.timesandstar.co.uk/|GB
Tameside Advertiser|http://www.manchestereveningnews.co.uk/all-about/tameside|GB
Bolton News|http://www.theboltonnews.co.uk/|GB
Bury Times|http://www.burytimes.co.uk/|GB
Heywood Advertiser|http://www.manchestereveningnews.co.uk/all-about/heywood|GB
Leigh Journal|http://www.leighjournal.co.uk/|GB
Leigh Reporter|http://www.leighreporter.co.uk/|GB
Achievements|http://www.achievementsnews.co.uk/|GB
Crain's Manchester Business|http://www.crainsmanchesterbusiness.co.uk/|GB
Manchester Evening News|http://www.manchestereveningnews.co.uk/|GB
Oldham Evening Chronicle|http://www.oldham-chronicle.co.uk/|GB
Rochdale Observer|http://www.manchestereveningnews.co.uk/all-about/rochdale|GB
Sale and Altrincham Messenger|http://www.messengernewspapers.co.uk/|GB
Messenger Newspapers|http://www.messengernewspapers.co.uk/|GB
Salford Advertiser|http://www.manchestereveningnews.co.uk/all-about/salford|GB
Stockport Express|http://www.manchestereveningnews.co.uk/all-about/stockport|GB
Stretford and Urmston Messenger|http://www.messengernewspapers.co.uk/|GB
Wigan Evening Post|http://www.wigantoday.net/|GB
Wigan Observer|http://www.wigantoday.net/|GB
Wigan Reporter|http://www.wigantoday.net/|GB
Runcorn and Widnes Weekly News|http://www.runcornandwidnesweeklynews.co.uk/|GB
Runcorn World|http://www.runcornandwidnesworld.co.uk/|GB
Widnes World|http://www.runcornandwidnesworld.co.uk/|GB
Accrington Observer|http://www.accringtonobserver.co.uk/|GB
Barnoldswick and Earby Times|http://www.pendletoday.co.uk/|GB
Burnley Citizen|http://www.burnleycitizen.co.uk/|GB
Burnley Express|http://www.burnleyexpress.net/|GB
Chorley Citizen|http://www.chorleycitizen.co.uk/|GB
Chorley Guardian|http://www.chorley-guardian.co.uk/|GB
Clitheroe Advertiser and Times|http://www.clitheroeadvertiser.co.uk/|GB
Colne Times|http://www.pendletoday.co.uk/|GB
Fleetwood Weekly News|http://www.fleetwoodtoday.co.uk/|GB
Garstang Courier|http://www.garstangcourier.co.uk/|GB
Lancaster and Morecambe Citizen|http://www.thelancasterandmorecambecitizen.co.uk/|GB
Lancaster Guardian|http://www.lancasterguardian.co.uk/|GB
Leyland Guardian|http://www.leylandguardian.co.uk/|GB
Longridge and Rubble Valley News and Advertiser|http://www.longridgenews.co.uk/|GB
Lytham St. Annes Express|http://www.lythamstannesexpress.co.uk/|GB
Morecambe Visitor|http://www.thevisitor.co.uk/|GB
Nelson Leader|http://www.pendletoday.co.uk/|GB
Pendle Today|http://www.pendletoday.co.uk/|GB
Ormskirk and Skelmersdale Advertiser|http://www.osadvertiser.co.uk/|GB
Ormskirk Champion|http://www.champnews.com/papers/|GB
Lancashire Evening Post|http://www.lep.co.uk/|GB
Preston and Leyland Citizen|http://www.prestoncitizen.co.uk/|GB
This is Lancashire|http://www.thisislancashire.co.uk/|GB
Rossendale Free Press|http://www.rossendalefreepress.co.uk/|GB
Skelmersdale Champion|http://www.champnews.com/papers/|GB
Aintree and Maghull Champion|http://www.champnews.com/papers/|GB
Wirral Globe|http://www.wirralglobe.co.uk/|GB
Wirral News|http://www.wirralnews.co.uk/|GB
Bootle Champion|http://www.champnews.com/papers/|GB
Crosby and Litherland Champion|http://www.champnews.com/papers/|GB
Crosby Herald|http://www.liverpoolecho.co.uk/all-about/crosby|GB
Formby Champion|http://www.champnews.com/papers/|GB
Formby Times|http://www.southportvisiter.co.uk/all-about/formby|GB
Liverpool Echo|http://www.liverpoolecho.co.uk/|GB
Anfield and Walton Champion|http://www.champnews.com/papers/|GB
Champion Newspapers|http://www.champnews.com/|GB
Southport Champion|http://www.champnews.com/papers/|GB
Southport Reporter|http://www.southportreporter.com/|GB
Southport Visiter|http://www.southportvisiter.co.uk/|GB
St. Helens Reporter|http://www.sthelensreporter.co.uk/|GB
St. Helens Star|http://www.sthelensstar.co.uk/|GB
Bedford Times and Citizen|http://www.bedfordtoday.co.uk/|GB
Bedfordshire on Sunday|http://www.bedfordshire-news.co.uk/|GB
Cambridge Evening News|http://www.cambridge-news.co.uk/|GB
Cambridge News and Crier|http://www.cambridge-news.co.uk/|GB
Ely Standard|http://www.elystandard.co.uk/home|GB
Hunts Post|http://www.huntspost.co.uk/home|GB
Cambs Times|http://www.cambstimes.co.uk/home|GB
Evening Telegraph|http://www.peterboroughtoday.co.uk/|GB
Fenland Citizen|http://www.fenlandcitizen.co.uk/|GB
Wisbech Standard|http://www.wisbechstandard.co.uk/home|GB
Biggleswade Chronicle|http://www.biggleswadetoday.co.uk/|GB
Dunstable Gazette|http://www.dunstabletoday.co.uk/|GB
Leighton Buzzard Observer|http://www.leightonbuzzardonline.co.uk/|GB
Leighton Linslade Citizen|http://www.leightonbuzzardonline.co.uk/|GB
Basildon Recorder|http://www.basildonrecorder.co.uk/|GB
Evening Echo|http://www.echo-news.co.uk/|GB
Brentwood Gazette|http://www.brentwoodgazette.co.uk/|GB
Essex Chronicle|http://www.essexchronicle.co.uk/|GB
Evening Gazette|http://www.gazette-news.co.uk/|GB
Dunmow Broadcast and Recorder|http://www.dunmowbroadcast.co.uk/home|GB
Harlow Star|http://www.harlowstar.co.uk/|GB
Saffron Walden Reporter|http://www.saffronwaldenreporter.co.uk/home|GB
Herts and Essex Observer|http://www.hertsandessexobserver.co.uk/|GB
Borehamwood and Elstree Times|http://www.borehamwoodtimes.co.uk/|GB
Hemel Gazette|http://www.hemeltoday.co.uk/|GB
Hertfordshire Mercury|http://www.hertfordshiremercury.co.uk/|GB
Royston Crow|http://www.royston-crow.co.uk/home|GB
Herts Advertiser|http://www.hertsad.co.uk/home|GB
St. Albans Review and Observer|http://www.stalbansreview.co.uk/|GB
Comet|http://www.thecomet.net/home|GB
Watford Observer|http://www.watfordobserver.co.uk/|GB
Welwyn and Hatfield Times|http://www.whtimes.co.uk/home|GB
Herald and Post|http://www.lutontoday.co.uk/|GB
Luton News|http://www.lutontoday.co.uk/|GB
Diss Express|http://www.dissexpress.co.uk/|GB
Great Yarmouth Mercury|http://www.greatyarmouthmercury.co.uk/|GB
Lynn News|http://www.lynnnews.co.uk/|GB
Eastern Daily Press|http://www.edp24.co.uk/home|GB
Norwich Evening News|http://www.eveningnews24.co.uk/home|GB
Peterborough Telegraph|http://www.peterboroughtoday.co.uk/|GB
Southend Standard|http://www.southendstandard.co.uk/|GB
Bury Free Press|http://www.buryfreepress.co.uk/|GB
Haverhill Echo|http://www.haverhillecho.co.uk/|GB
East Anglian Daily Times|http://www.eadt.co.uk/home|GB
Ipswich Star|http://www.ipswichstar.co.uk/home|GB
Newmarket Journal|http://www.newmarketjournal.co.uk/|GB
Suffolk Free Press|http://www.suffolkfreepress.co.uk/|GB
Thurrock Gazette|http://www.thurrockgazette.co.uk/|GB
BBC|http://www.bbc.co.uk/news/wales/|GB
Golwg 360|http://www.golwg360.com/|GB
News Wales|http://www.newswales.co.uk/|GB
Wales Online|http://www.walesonline.co.uk/|GB
South Wales Echo|http://www.walesonline.co.uk/|GB
South Wales Evening Post|http://www.southwales-eveningpost.co.uk/|GB
Wales on Sunday|http://www.walesonline.co.uk/|GB
Western Mail|http://www.walesonline.co.uk/|GB
Bridgend and Porthcawl Gem|http://www.bridgend-today.co.uk/|GB
Bridgend and Porthcawl Gem|http://www.porthcawl-today.co.uk/|GB
Caerphilly Observer|http://www.caerphillyobserver.co.uk/|GB
Campaign|http://www.campaignseries.co.uk/|GB
Y Dinesydd|http://www.dinesydd.com/|GB
Carmarthen Journal|http://www.carmarthenjournal.co.uk/|GB
Llanelli Star|http://www.llanellistar.co.uk/|GB
Cambrian News|http://www.cambrian-news.co.uk/aberystwyth/|GB
Cambrian News|http://www.cambrian-news.co.uk/|GB
Tivyside Advertiser|http://www.tivysideadvertiser.co.uk/|GB
Cambrian News|http://www.cambrian-news.co.uk/south-ceredigion/c/72/|GB
North Wales Pioneer|http://www.northwalespioneer.co.uk/|GB
Denbighshire Free Press|http://www.denbighshirefreepress.co.uk/|GB
Rhyl Journal|http://www.rhyljournal.co.uk/|GB
Flintshire Chronicle|http://www.dailypost.co.uk/all-about/flintshire|GB
Leader|http://www.leaderlive.co.uk/|GB
Bangor Mail|http://www.dailypost.co.uk/all-about/bangor|GB
North Wales Chronicle|http://www.northwaleschronicle.co.uk/|GB
Caernarfon and Denbigh Herald|http://www.dailypost.co.uk/all-about/caernarfon|GB
Cambrian News|http://www.cambrian-news.co.uk/meirionnydd/|GB
Cambrian News|http://www.cambrian-news.co.uk/arfon-dwyfor/|GB
Y Cymro|http://www.y-cymro.com/|GB
Abergavenny Chronicle|http://www.abergavenny-chronicle-today.co.uk/|GB
Monmouthshire Beacon|http://www.monmouth-today.co.uk/|GB
South Wales Argus|http://www.southwalesargus.co.uk/|GB
County Echo|http://www.countyecho.co.uk/|GB
Western Telegraph|http://www.westerntelegraph.co.uk/|GB
Tenby Observer|http://www.tenby-today.co.uk/|GB
Brecon and Radnor Express|http://www.brecon-radnor-today.co.uk/|GB
County Times and Gazette|http://www.countytimes.co.uk/|GB
Cambrian News|http://www.cambrian-news.co.uk/machynlleth-and-llanidloes/c/69/|GB
County Times and Express|http://www.countytimes.co.uk/|GB
Cynon Valley Leader|http://www.walesonline.co.uk/all-about/cynon-valley|GB
Barry and District News|http://www.barryanddistrictnews.co.uk/|GB
Barry Gem|http://www.barry-today.co.uk/|GB
Cowbridge Gem|http://www.cowbridge-today.co.uk/|GB
Llantwit Major Gem|http://www.llantwit-major-today.co.uk/|GB
Penarth Times|http://www.penarthtimes.co.uk/|GB
Daily Post|http://www.dailypost.co.uk/|GB
Wrexham|http://www.wrexham.com/|GB
Isle News|http://jersey.isle-news.com/|GB
Jersey Evening Post|http://jerseyeveningpost.com/|GB
BBC|http://www.bbc.co.uk/news/business/|GB
BBC|http://www.bbc.co.uk/arabic/|GB
BBC|http://www.bbc.co.uk/news/|GB
BBC England|http://www.bbc.co.uk/news/england/|GB
BBC|http://www.bbc.co.uk/russian/|GB
BBC|http://www.bbc.co.uk/mundo/|GB
BBC|http://www.bbc.co.uk/zhongwen/simp/|GB
Channel 4|http://www.channel4.com/|GB
ESPN|http://www.espn.co.uk/|GB
IRN|http://www.irn.co.uk/|GB
ITN|http://www.itn.co.uk/|GB
ITV|http://www.itv.com/|GB
Sky|http://news.sky.com/|GB
Sky|http://www.skysports.com/|GB
Anorak|http://www.anorak.co.uk/|GB
Daily Newspaper|http://www.dailynewspaper.co.uk/|GB
Descrier|http://descrier.co.uk/|GB
Expatica|http://www.expatica.co.uk/|GB
Google|https://news.google.com/news/?ned=uk|GB
Huffington Post|http://www.huffingtonpost.co.uk/|GB
International Business Times|http://www.ibtimes.co.uk/|GB
Isle News|http://isle-news.com/|GB
MSN|http://uk.msn.com/|GB
News Dump|http://www.newsdump.co.uk/|GB
Orange|http://www.orange.co.uk/|GB
Politics|http://www.politics.co.uk/|GB
Politics Home|http://www.politicshome.com/|GB
Sporting Life|http://www.sportinglife.com/|GB
UK News|http://www.theuknews.com/|GB
United Kingdom News|http://www.unitedkingdomnews.net/|GB
Yahoo|https://uk.news.yahoo.com/|GB
Britain News|http://www.britainnews.net/|GB
Economist|http://www.economist.com/|GB
Hello|http://www.hellomagazine.com/|GB
Money Week|http://moneyweek.com/|GB
New Statesman|http://www.newstatesman.com/|GB
Prospect|http://www.prospectmagazine.co.uk/|GB
Spectator|http://www.spectator.co.uk/|GB
Total Politics|http://www.totalpolitics.com/|GB
Week|http://www.theweek.co.uk/|GB
National Student|http://www.thenationalstudent.com/|GB
PR Newswire|http://www.prnewswire.co.uk/|GB
Press Association|http://www.pressassociation.com/|GB
Pressat|http://www.pressat.co.uk/|GB
Reuters|http://uk.reuters.com/|GB
Eco Photo Explorers|http://www.ecophotoexplorers.com/antarctica_news.asp|AQ
Live Science|http://www.livescience.com/topics/antarctica/|AQ
Merco Press|http://en.mercopress.com/antarctica|AQ
Science Committee on Antarctic Research|http://www.scar.org/|AQ
Guardian|http://www.theguardian.com/world/antarctica|AQ
Telegraph|http://www.telegraph.co.uk/news/worldnews/antarctica/|AQ
Antarctic Sun|http://antarcticsun.usap.gov/|AQ
Alpha TV|http://www.alphatv.gr/|GR
ANT 1|http://www.antenna.gr/|GR
Mega|http://www.megatv.com/default.asp|GR
NERIT|http://www.nerit.gr/|GR
Nova Sports|http://www.novasports.gr/home.aspx?a_id=256|GR
Star|http://www.star.gr/Pages/Default.aspx|GR
Day Press|http://www.daypress.gr/|GR
E Go|http://www.e-go.gr/default.asp|GR
Exelixeis|http://exelixeis.gr/|GR
Flash|http://www.flash.gr/|GR
Gavros|http://www.gavros.gr/|GR
Google|https://news.google.com/news/?ned=el_gr|GR
I Pop|http://ipop.gr/|GR
MSN|http://www.msn.com/el-gr/news|GR
News Bomb|http://www.newsbomb.gr/|GR
News Bomb|http://www.newsbomb.gr/en|GR
News Bomb|http://www.newsbomb.gr/ru|GR
News It|http://www.newsit.gr/|GR
Polis Press|http://www.polispress.gr/|GR
Politis Online|http://www.politisonline.com/|GR
Eleftherotypia|http://www.enet.gr/|GR
Eleftherotypia|http://www.enetenglish.gr/|GR
Ethnos|http://www.ethnos.gr/default.asp|GR
Kathimerini|http://www.kathimerini.gr/|GR
Kathimerini|http://www.ekathimerini.com/|GR
Rizospastis|http://www1.rizospastis.gr/|GR
Ta Nea|http://www.tanea.gr/|GR
To Vima|http://www.tovima.gr/|GR
ANA MPA|http://www.amna.gr/|GR
ANA MPA|http://www.amna.gr/english/|GR
ANA MPA|http://www.amna.gr/french/|GR
ANA MPA|http://www.amna.gr/russian/|GR
ANA MPA|http://www.amna.gr/albanian/|GR
ANA MPA|http://www.amna.gr/chinese/|GR
Hxo|http://www.hxo.gr/|GR
Thrakiki Gi|http://www.thrakikigi.gr/|GR
Trakyanin Sesi|http://www.trakyaninsesi.com/|GR
Xronos|http://www.xronos.gr|GR
Agonas|http://www.agonas.gr/|GR
Aggelioxoros|http://www.agx.gr/|GR
Alfa Ena|http://www.alpha1.gr/|GR
Athina Poli|http://www.athinapoli.gr/|GR
Athinorama|http://www.athinorama.gr/|GR
Avgi|http://www.avgi.gr/|GR
Espresso|http://www.espressonews.gr/|GR
Express|http://www.express.gr/|GR
Imerisia|http://www.imerisia.gr/|GR
Kerdos|http://www.kerdos.gr/|GR
Le Petit Journal|http://www.lepetitjournal.com/athenes|GR
Naftemporiki|http://www.naftemporiki.gr/|GR
Ios|http://www.iospress.gr/|GR
Metro|http://www.metrogreece.gr/|GR
MK|http://www.mkgreece.gr/|GR
Plus Gazeta Athina|http://www.pga.al/|GR
Press Time|http://www.press-time.gr/|GR
Proto Thema|http://www.protothema.gr/|GR
Proto Thema|http://en.protothema.gr/|GR
Real News|http://www.real.gr/default.aspx?page=home|GR
Reporter|http://www.reporter.gr/|GR
O Dimotis|http://www.dhmoths.gr/|GR
Filodimos|http://www.filodimos.gr/data/|GR
Aixmi|http://www.aixmi-news.gr/|GR
Peloponnisos|http://www.pelop.gr/|GR
Patris|http://www.patrisnews.com/|GR
Star FM|http://www.star-fm.gr/|GR
Nova Zora|http://novazora.gr/|GR
Ditiki Makedonia|http://ditiki.gr/|GR
Proinos Logos|http://www.prlogos.gr/|GR
Enimerosi|http://www.enimerosi.com/|GR
Epirus News|http://www.epirusnews.gr/|GR
Ioannina Today|http://ioanninatoday.blogspot.com/|GR
Neoi Agones|http://www.neoiagones.gr/|GR
Proina Nea|http://www.proinanea.gr/|GR
Proinos Logos|http://www.proinoslogos.gr/|GR
Kilkis Today|http://www.kilkistoday.gr/|GR
Agelioforos|http://www.agelioforos.gr/|GR
Makedonia|http://www.makthes.gr/|GR
Metro Sport|http://www.metrosport.gr/|GR
Laos|http://www.laos-epea.gr/|GR
Haniotika Nea|http://www.haniotika-nea.gr/|GR
Crete Gazette|http://www.cretegazette.com/|GR
Kriti TV|http://www.cretetv.gr/|GR
Mesogios|http://www.mesogios.gr/|GR
Nea Kriti|http://www.neakriti.gr/|GR
Patris|http://www.patris.gr/frontpage|GR
Demokratiki|http://www.dimokratiki.gr/|GR
Rodiaki|http://www.rodiaki.gr/|GR
Eleftheria|http://www.eleftheriaonline.gr/|GR
Evrytanika Nea|http://www.evrytanika.gr/|GR
Eleftheria|http://www.eleftheria.gr/|GR
Kosmos|http://www.kosmoslarissa.gr/|GR
Thessalia|http://e-thessalia.gr/|GR
APE|http://www.aegeanews.com/|GR
Alithia|http://www.alithia.gr/|GR
Chios News|http://www.chiosnews.com/|GR
Dimokratiki|http://www.dimokratiki.org/|GR
Politis|http://www.politis-chios.gr/new/|GR
Empros|http://www.emprosnet.gr/|GR
Canal 13|http://www.rpc.com.py/|PY
Cardinal|http://www.cardinal.com.py/|PY
Radio Nanduti|http://www.nanduti.com.py/v1/|PY
Red Guarani|http://www.redguarani.com.py/|PY
Hoy|http://www.hoy.com.py/|PY
Inter Paraguay|http://www.interparaguay.com/|PY
Neike|http://www.neike.com.py/|PY
Paraguay|http://www.paraguay.com/|PY
PPN|http://www.ppn.com.py/|PY
PYN|http://paraguaynoticias.info/|PY
TV PY|http://www.television.com.py/|PY
Viva Paraguay|http://vivaparaguay.com/new/|PY
Noticias Paraguay|http://paraguaynoticias.com/|PY
ABC Color|http://www.abc.com.py/|PY
La Nacion|http://www.lanacion.com.py/|PY
Ultima Hora|http://www.ultimahora.com/|PY
IP Paraguay|http://www.ip.gov.py/|PY
Diario CDE|http://www.diariocde.com.py/|PY
Diario Vanguardia|http://www.vanguardia.com.py/v1/index.php|PY
La Jornada|http://diariolajornada.com.py/v6/|PY
TN Press|http://www.tnpress.com.py/v2/index.php|PY
Capiata Digital|http://www.capiatadigital.com/|PY
El Limpeno|http://ellimpeno.com/|PY
Concepcion Noticias|http://www.concepcion-py.com/|PY
5 Dias|http://5dias.com.py/|PY
Cronica|http://www.cronica.com.py/online/|PY
Das Wochenblatt aus Paraguay|http://wochenblatt.cc/|PY
Diario Popular|http://www.diariopopular.com.py/|PY
Itapua Digital|http://www.itapua.com.py/v1/|PY
Itapua FM|http://www.itacom.com.py/|PY
La 1ere|http://guyane.la1ere.fr/|GF
Coco News|https://guyane.coconews.com/|GF
Guya Web|http://www.guyaweb.com/|GF
France Guyane|http://www.franceguyane.fr/|GF
Blada|http://www.blada.com/|GF
97320|http://www.97320.com/|GF
Comores Actualites|http://www.comores-actualites.com/|KM
Comores Infos|http://www.comores-infos.net/|KM
Comores Online|http://www.comoresonline.net/|KM
Comores Web|http://www.comores-web.com/|KM
Habari Za Comores|http://www.habarizacomores.com/|KM
Al Watwan|http://www.alwatwan.net/|KM
La Gazette des Comores|http://www.lagazettedescomores.com/|KM